{"defaultLevels":[{"name":"1","board":"X X X X X MSH X X X X MSH X X X X X MSH RA1 X X X X X X X"},{"name":"2","board":"X X X X X X X X X X RA3 X X X X MSH X MSH X X RA1 MSH X X X"},{"name":"3","board":"X X RA3 MSH X X X X X RA1 X X X MSH X X X X X MSH X X X X X"},{"name":"4","board":"X X X X X X F2V X X RA3 X X X X MSH RA1 MSH X X X X X RA2 F1H X"},{"name":"5","board":"X X X X X X X X X X X X X X MSH X X F2V RA3 X X X X X RA2"},{"name":"6","board":"X X X X X X F2V X RA3 X X X X X RA2 X X X X X X F1H MSH X X"}],"customLevels":[{"name":"mm","board":"X X X X X MSH X X X X RA1 X X X X X X X X X X X X X X "},{"name":"nazifa","board":"X X RA1 X X X X X F1H X X X X X X X X X X X X X X X X "},{"name":"blah","board":"X X X X X X F1H X X X RA1 X X X X X X X X X X X X X X "}]}